{
    "UL16preVFP": {
        "scale_factor": 1.1392631668210154, 
        "error": 0.31410460144452346
    }, 
    "UL16postVFP": {
        "scale_factor": 1.0767525759244903, 
        "error": 0.35572744450025817
    }, 
    "UL17": {
        "scale_factor": 0.9589709025446651, 
        "error": 0.2078608741620467
    }, 
    "UL18": {
        "scale_factor": 1.0924810820734983, 
        "error": 0.20857902149448865
    }
}