{
    "UL16preVFP": {
        "muon": {
            "scale_factor": 1.1423520242949519, 
            "error": 0.20080090837080744
        }, 
        "electron": {
            "scale_factor": 1.136174309347079, 
            "error": 0.24153818713835196
        }
    }, 
    "UL16postVFP": {
        "muon": {
            "scale_factor": 1.0496270369489107, 
            "error": 0.20055968736703564
        }, 
        "electron": {
            "scale_factor": 1.10387811490007, 
            "error": 0.2937989560463434
        }
    }, 
    "UL17": {
        "muon": {
            "scale_factor": 1.0140115605093865, 
            "error": 0.1399188241182696
        }, 
        "electron": {
            "scale_factor": 0.9039302445799436, 
            "error": 0.1537168359834763
        }
    }, 
    "UL18": {
        "muon": {
            "scale_factor": 1.1468443074160872, 
            "error": 0.14024057492377243
        }, 
        "electron": {
            "scale_factor": 1.0381178567309093, 
            "error": 0.1543949136229822
        }
    }
}